IP Address,Login Source,Login Date & Time
2600:1017:b8c6:a749:517a:cfe4:5303:ab2d,Mobile,"Jan 8, 2023, 9:08:32 PM"
207.38.169.44,Web,"Jan 13, 2023, 3:41:55 AM"
2603:7000:29f0:4d0:a432:6e39:2f20:1ab4,Web,"Jul 10, 2023, 12:45:52 AM"
2603:7000:29f0:4d0:9ce5:1a67:b160:1b31,Web,"Aug 5, 2023, 6:14:17 PM"
2603:7000:29f0:4d0:8d39:8f65:2e9d:5a10,Web,"Feb 12, 2024, 9:03:03 PM"
2603:7000:29f0:4d0:8d39:8f65:2e9d:5a10,Mobile,"Feb 12, 2024, 9:04:25 PM"
2603:7000:29f0:4d0:f805:a5ae:ad21:e820,Mobile,"Apr 15, 2024, 12:32:08 PM"
2600:1017:b837:5965:1535:d33f:14f6:6d93,Mobile,"Apr 15, 2024, 2:23:19 PM"
165.225.220.248,Web,"Jun 25, 2025, 10:04:32 PM"
2603:7000:293d:ae53:14b5:4e40:e920:9783,Web,"Jun 29, 2025, 11:31:56 AM"
70.23.26.114,Mobile,"Aug 21, 2025, 12:55:06 PM"
165.225.39.86,Web,"Sep 9, 2025, 5:48:08 PM"
2603:7000:29f0:8930:81ad:6bfa:44d:f0dd,Web,"Sep 16, 2025, 4:59:43 PM"
165.225.39.86,Web,"Oct 26, 2025, 11:53:24 AM"
